{"chunk_definitions":[{"chunk_id":"csetup_chunk","chunk_label":"setup","document_id":"EA5FDF6E","expansion_state":0,"options":{"engine":"r","include":false,"label":"setup"},"row":31,"row_count":1,"visible":true},{"chunk_id":"c2j53xovrzlrz","chunk_label":"SalesNet","document_id":"EA5FDF6E","expansion_state":0,"options":{"engine":"r","label":"SalesNet"},"row":195,"row_count":1,"visible":true},{"chunk_id":"cjym34zyoz2vy","chunk_label":"unnamed-chunk-8","document_id":"EA5FDF6E","expansion_state":0,"options":{"engine":"r","fig.keep":"all","fig.width":100,"label":"unnamed-chunk-13"},"row":201,"row_count":1,"visible":true},{"chunk_id":"c5brtjii9zmkn","chunk_label":"unnamed-chunk-11","document_id":"EA5FDF6E","expansion_state":0,"options":{"engine":"r","label":"unnamed-chunk-18"},"row":256,"row_count":1,"visible":true}],"chunk_rendered_width":631,"default_chunk_options":{"echo":true,"error":false},"doc_write_time":1572057815,"working_dir":null}