"0","tickers <- c('AAPL')"
"0","l.out <- BatchGetSymbols(tickers = tickers, "
"0","                         first.date = first.date,"
"0","                         last.date = last.date, "
"0","                         freq.data = freq.data,"
"0","                         cache.folder = file.path(tempdir(), "
"0","                        'BGS_Cache') ) # cache in tempdir()"
"2","
Running BatchGetSymbols for:"
"2","
   tickers =AAPL"
"2","
   Downloading data for benchmark ticker"
"2","
^GSPC | yahoo (1|1)"
"2"," | Found cache file"
"2","
AAPL | yahoo (1|1)"
"2"," | Found cache file"
"2"," - Got 100% of valid prices | Got it!"
"0","head(l.out)"
"1","$df.control
"
