{"chunk_definitions":[{"chunk_id":"csetup_chunk","chunk_label":"setup","document_id":"95AE3FD5","expansion_state":0,"options":{"engine":"r","include":false,"label":"setup"},"row":33,"row_count":1,"visible":true},{"chunk_id":"chomll3z3v833","chunk_label":"unnamed-chunk-1","document_id":"95AE3FD5","expansion_state":0,"options":{"engine":"r","label":"unnamed-chunk-1"},"row":70,"row_count":1,"visible":true},{"chunk_id":"cmcm83qt2hvo4","chunk_label":"unnamed-chunk-2","document_id":"95AE3FD5","expansion_state":0,"options":{"engine":"r","label":"unnamed-chunk-2"},"row":107,"row_count":1,"visible":true},{"chunk_id":"c2724wa9jq002","chunk_label":"unnamed-chunk-3","document_id":"95AE3FD5","expansion_state":0,"options":{"engine":"r","label":"unnamed-chunk-3"},"row":136,"row_count":1,"visible":true},{"chunk_id":"cr7fz0hapxj74","chunk_label":"unnamed-chunk-4","document_id":"95AE3FD5","expansion_state":0,"options":{"engine":"r","label":"unnamed-chunk-4"},"row":145,"row_count":1,"visible":true},{"chunk_id":"cgyxc4j2qsfub","chunk_label":"unnamed-chunk-5","document_id":"95AE3FD5","expansion_state":0,"options":{"engine":"r","label":"unnamed-chunk-5"},"row":156,"row_count":1,"visible":true},{"chunk_id":"c3pa9uq634l16","chunk_label":"unnamed-chunk-6","document_id":"95AE3FD5","expansion_state":0,"options":{"engine":"r","label":"unnamed-chunk-6"},"row":176,"row_count":1,"visible":true},{"chunk_id":"c8h1bg90quek5","chunk_label":"unnamed-chunk-7","document_id":"95AE3FD5","expansion_state":0,"options":{"echo":false,"engine":"r","label":"unnamed-chunk-7"},"row":208,"row_count":1,"visible":true},{"chunk_id":"cyin90i333far","chunk_label":"SalesNet","document_id":"95AE3FD5","expansion_state":0,"options":{"engine":"r","label":"SalesNet"},"row":220,"row_count":1,"visible":true}],"chunk_rendered_width":631,"default_chunk_options":{"echo":true,"error":false},"doc_write_time":1575682626,"working_dir":null}