"0","xTabNN = matrix(0,nrow=2, ncol=2)"
"0","for(i in 1:nTest){"
"0","  "
"0","  if((salesNet$response[i]==1) && (testDataSet$salesTgt[i]==1) )"
"0","     xTabNN[2,2] = xTabNN[2,2]+1"
"0","     "
"0","  if((salesNet$response[i]==1) && (testDataSet$salesTgt[i]==0))"
"0","     xTabNN[2,1] = xTabNN[2,1]+1"
"0","  if((salesNet$response[i]==0) && (testDataSet$salesTgt[i]==0))"
"0","     xTabNN[1,1] = xTabNN[1,1]+1"
"0","  if((salesNet$response[i]==0) && (testDataSet$salesTgt[i]==1))"
"0","     xTabNN[1,2] = xTabNN[1,2]+1"
"0","      "
"0","}"
"0","print(xTabNN)"
"1","    "
"1"," [,1]"
"1"," [,2]"
"1","
[1,]"
"1","   54"
"1","   82"
"1","
[2,]"
"1","   70"
"1","   83"
"1","
"
"0","print('columns are truth in data set, ')"
"1","[1]"
"1"," ""columns are truth in data set, """
"1","
"
"0","print('rows are predicted by logistic regression ')"
"1","[1]"
"1"," ""rows are predicted by logistic regression """
"1","
"
"0","accuracyNN = (xTabNN[1,1]+xTabNN[2,2])/nTest"
"0","print(paste('Overall accuracy: ', round(accuracyNN,3)))"
"1","[1]"
"1"," ""Overall accuracy:  0.474"""
"1","
"
