"0","#  The automatic progress bar can be disabled by setting option dplyr.show_progress to FALSE."
"0","numberBags=7"
"0","numberBags=10"
"0","for (i in 1:numberBags) {"
"0","  "
"0","  # get a bootstrap sample from the training set"
"0","  bootSampleIndex = sample(1:nTrain, replace=TRUE)"
"0","  bootSample = normalizedTrainDataSet[bootSampleIndex,]"
"0","  "
"0","  # construct neural net using the bootstrap sample"
"0","  NN = neuralnet(salesTgt~age+miles+debt+income+gender, data = bootSample, hidden=c(3,2), stepmax=1.e4, rep=1, linear.output = FALSE)"
"0","  "
"0","  # get normalizing constants from the bootstrap sample"
"0","  meanAge = mean(trainDataSet[bootSampleIndex,'age'])"
"0","  sdAge = sd(trainDataSet[bootSampleIndex,'age'])"
"0","  meanMiles=mean(trainDataSet[bootSampleIndex,'miles'])"
"0","  sdMiles = sd(trainDataSet[bootSampleIndex,'miles'])"
"0","  meanDebt = mean(trainDataSet[bootSampleIndex,'debt'])"
"0","  sdDebt = sd(trainDataSet[bootSampleIndex,'debt'])"
"0","  meanIncome = mean(trainDataSet[bootSampleIndex,'income'])"
"0","  sdIncome = sd(trainDataSet[bootSampleIndex,'income'])"
"0","  "
"0","  # apply the model to the test set"
"0","  x = testDataSet"
"0","  x$salesTgt = ifelse(x$sales>salesTargetPrice,1,0)"
"0","  x$age = (x$age-meanAge)/sdAge"
"0","  x$miles = (x$miles-meanMiles)/sdMiles"
"0","  x$debt = (x$debt - meanDebt)/sdDebt"
"0","  x$income = (x$income-meanIncome)/sdIncome"
"0","  "
"0","  "
"0","  # save the table of predictions; we'll look at these later"
"0","  predX = predict(NN, x)"
"0","  vectorOfTables[[i]]=table(predX[,1]>0.5, x$salesTgt)"
"0","}"
"2","Algorithm did not converge in 1 of 1 repetition(s) within the stepmax."
"2","Error in cbind(1, pred) %*% weights[[num_hidden_layers + 1]] : 
  requires numeric/complex matrix/vector arguments
"
