"0","##set up the training and test data:"
"0","trainingFraction = 0.7"
"0","lengthData = length(cars$age) #  how many entries in the data set"
"0","nTrain = round(trainingFraction*lengthData,0)"
"0","nTest = lengthData-nTrain"
"0","# shuffle the data, take the first nTrain as the training set, the "
"0","# remainder as the test set"
"0","shuffle = sample(1:lengthData, replace=FALSE) "
"0","#set up the test and train objects"
"0","testDataSet = vector(""numeric"", length=nTest)"
"0","trainDataset= vector(""numeric"", length=nTrain)"
"0","trainIndex = shuffle[1:nTrain]"
"0","trainDataSet = cars[shuffle[1:nTrain],]"
"0","testIndex = vector(""numeric"")"
"0","testIndex = shuffle[-trainIndex]"
"0","testDataSet = cars[shuffle[-trainIndex],]"
"0","head(trainDataSet)"
"1","   "
"1"," age"
"1"," gender"
"1"," miles"
"1","  debt"
"1"," income"
"1"," sales"
"1"," salesTgt"
"1","
658"
"1","  27"
"1","      1"
"1","    28"
"1","  1289"
"1","   5315"
"1","  8402"
"1","        1"
"1","
941"
"1","  40"
"1","      1"
"1","    34"
"1"," 31178"
"1","   8114"
"1"," 19181"
"1","        1"
"1","
197"
"1","  25"
"1","      0"
"1","    25"
"1","  4881"
"1","   9999"
"1","  7960"
"1","        1"
"1","
825"
"1","  47"
"1","      1"
"1","    34"
"1"," 37598"
"1","   7658"
"1"," 22188"
"1","        1"
"1","
293"
"1","  40"
"1","      1"
"1","    30"
"1","  9686"
"1","   2353"
"1","  6801"
"1","        0"
"1","
285"
"1","  27"
"1","      1"
"1","    36"
"1"," 51182"
"1","   7948"
"1"," 25689"
"1","        1"
"1","
"
