"0","# set up the table column"
"0","xTabLogis = matrix(0,nrow=2, ncol=2)"
"0","probSale = 0.2"
"0","for(i in 1:nTest){"
"0","  "
"0","  if((pred.prob[i]>probSale) && (testDataSet$salesTgt[i]==1) )"
"0","     xTabLogis[2,2] = xTabLogis[2,2]+1"
"0","     "
"0","  if((pred.prob[i]>probSale) && (testDataSet$salesTgt[i]==0))"
"0","     xTabLogis[2,1] = xTabLogis[2,1]+1"
"0","  if((pred.prob[i]<=probSale) && (testDataSet$salesTgt[i]==0))"
"0","     xTabLogis[1,1] = xTabLogis[1,1]+1"
"0","  if((pred.prob[i]<=probSale) && (testDataSet$salesTgt[i]==1))"
"0","     xTabLogis[1,2] = xTabLogis[1,2]+1"
"0","      "
"0","}"
"0","print(xTabLogis)"
"1","    "
"1"," [,1]"
"1"," [,2]"
"1","
[1,]"
"1","  124"
"1","  165"
"1","
[2,]"
"1","    0"
"1","    0"
"1","
"
"0","print('columns are truth in data set, ')"
"1","[1]"
"1"," ""columns are truth in data set, """
"1","
"
"0","print('rows are predicted by logistic regression ')"
"1","[1]"
"1"," ""rows are predicted by logistic regression """
"1","
"
"0","accuracyLogis = (xTabLogis[1,1]+xTabLogis[2,2])/nTest"
"0","print(paste('Overall accuracy: ', round(accuracyLogis,2)*100,'%', sep=''))"
"1","[1]"
"1"," ""Overall accuracy: 43%"""
"1","
"
