{"chunk_definitions":[{"chunk_id":"csetup_chunk","chunk_label":"setup","document_id":"2B3DB9A8","expansion_state":0,"options":{"engine":"r","include":false,"label":"setup"},"row":9,"row_count":1,"visible":true},{"chunk_id":"cbfqxwsb2mf3w","chunk_label":"unnamed-chunk-1","document_id":"2B3DB9A8","expansion_state":0,"options":{"engine":"r","label":"unnamed-chunk-5"},"row":19,"row_count":1,"visible":true},{"chunk_id":"cweuzfin658r9","chunk_label":"unnamed-chunk-2","document_id":"2B3DB9A8","expansion_state":0,"options":{"engine":"r","label":"unnamed-chunk-6"},"row":26,"row_count":1,"visible":true},{"chunk_id":"c4ydor7mzfo2g","chunk_label":"unnamed-chunk-3","document_id":"2B3DB9A8","expansion_state":0,"options":{"engine":"r","label":"unnamed-chunk-7"},"row":39,"row_count":1,"visible":true},{"chunk_id":"cqvthefey35uo","chunk_label":"unnamed-chunk-4","document_id":"2B3DB9A8","expansion_state":0,"options":{"engine":"r","label":"unnamed-chunk-11"},"row":60,"row_count":1,"visible":true}],"chunk_rendered_width":639,"default_chunk_options":{"echo":true,"error":false},"doc_write_time":2481051765037560417,"working_dir":null}